{"cameraMode":{"drawMode":0,"name":"Shaded","section":"Shading Mode"},"sceneLighting":false,"audioPlay":false,"sceneViewState":{"showFog":true,"showMaterialUpdate":false,"showSkybox":false,"showFlares":true,"showImageEffects":true,"showParticleSystems":true},"in2DMode":false,"pivot":{"x":0.0,"y":-0.2214488983154297,"z":4.052000045776367},"rotation":{"x":0.2326195240020752,"y":0.03208880499005318,"z":-0.0076765394769608978,"w":0.9720175266265869},"size":27.369400024414064,"orthographic":false}