{"cameraMode":{"drawMode":0,"name":"Shaded","section":"Shading Mode"},"sceneLighting":false,"audioPlay":false,"sceneViewState":{"showFog":true,"showMaterialUpdate":false,"showSkybox":false,"showFlares":true,"showImageEffects":true,"showParticleSystems":true},"in2DMode":false,"pivot":{"x":-31.20574951171875,"y":2.627358913421631,"z":-42.290069580078128},"rotation":{"x":0.09806348383426666,"y":0.059674546122550967,"z":-0.005889396648854017,"w":0.9933801293373108},"size":4.857986927032471,"orthographic":false}